title,channel,publish_date,category_id,view_count,like_count,comment_count
Lil Baby - Otha Boy,LilBabyVEVO,2025-11-12T17:01:01Z,10,247273,23773,2689
The Super Mario Galaxy Movie ‚Äì Official Trailer,Nintendo of America,2025-11-12T14:10:47Z,1,2629340,184045,15861
THE BIG FINALE (Dispatch 7 & 8),jacksepticeye,2025-11-12T21:04:26Z,20,499733,64889,6096
"Clipse, Pusha T, Malice, Stove God Cooks - F.I.C.O. (Official Music Video)",clipseVEVO,2025-11-12T17:00:06Z,10,250298,37332,2588
The Devil Wears Prada 2 | Teaser Trailer,20th Century Studios,2025-11-12T17:00:17Z,1,1864671,56017,2151
Steam Hardware Announcement,Valve,2025-11-12T18:00:43Z,20,1605341,293600,25646
Cardi B - ErrTime (feat. Jeezy) [Official Audio],Cardi B,2025-11-12T17:00:59Z,10,44705,6498,799
ELDEN RING NIGHTREIGN The Forsaken Hollows | Official Gameplay Reveal Trailer,Bandai Namco Entertainment America,2025-11-11T22:44:47Z,20,349940,22812,1900
Every Other VR Headset is Obsolete Now - Steam Frame First Look,Linus Tech Tips,2025-11-12T17:59:59Z,28,1004553,72926,5524
Losin' Streak,Hazbin Hotel - Topic,2025-11-12T08:02:24Z,10,161019,9994,0
"GOOD LUCK, HAVE FUN, DON'T DIE | Teaser Trailer | February 13 - Only in Theaters",Briarcliff Entertainment,2025-11-12T14:00:00Z,1,219409,6481,370
TRUST THE PROCESS | A Call of Duty Documentary,OpTic Gaming,2025-11-12T18:00:11Z,20,213607,19239,1831
Topoppgen - Petty $hit (Official Video),Topoppgen,2025-11-12T20:00:48Z,22,30363,5184,515
The Mario Galaxy Movie Trailer Looks...,3C Films,2025-11-12T19:13:24Z,24,49223,3992,395
Dispatch: Episode 7 & 8 - Full Game Playthrough¬†(Finale),BrosClanYt,2025-11-12T19:32:55Z,20,180284,5757,439
Noah Rinker - Wherever I Go (Live from Sound Emporium),Noah Rinker,2025-11-11T17:00:07Z,10,1389599,2881,78
Everything You MISSED In The Super Mario Galaxy Movie TRAILER!,Nin10doland,2025-11-12T17:31:54Z,20,39184,2183,328
I Upgraded The RAREST BRAINROTS in Steal a Brainrot‚Ä¶,CashBlox,2025-11-12T12:01:14Z,24,635074,46061,7396
Top 3 Hour Christmas Songs Playlist üéÑ Best Christmas Music 2025,Christmas Songs and Carols - Love to Sing,2025-11-12T11:30:55Z,10,44793,330,22
"The Housemaid (2025) Official Trailer 2 - Sydney Sweeney, Amanda Seyfried, Brandon Sklenar",Lionsgate Movies,2025-11-12T18:00:01Z,1,52460,1433,143
"Dispatch Episode 7 & 8 Full Playthrough (Uncensored, Invisigal, Sonar & Phenomenon Route)",CGInferno,2025-11-12T20:27:22Z,20,120830,5598,401
G Herbo - Fallen Soldiers (Official Music Video),G Herbo,2025-11-12T21:00:50Z,10,50217,6996,625
Marty Supreme | Official Trailer HD | A24,A24,2025-11-11T14:01:11Z,1,5226436,27160,1415
Gambit: Le Diable Blanc | Character Reveal | Marvel Rivals,Marvel Rivals,2025-11-11T18:30:47Z,20,1160001,61413,4172
"Grupo Firme - Luis Alfonso Partida ""El Yaki"" - Que Te Quieran Bonito (Video Oficial)",Grupo Firme,2025-11-11T18:00:07Z,10,799552,29870,803
Super Mario Galaxy Movie Trailer Reaction,3C Films Clips,2025-11-12T15:02:51Z,20,48403,3176,317
DISPATCH Episode 7 & 8 Gameplay Walkthrough FULL GAME ALL ENDINGS  [4K 60FPS] - No Commentary,MKIceAndFire,2025-11-12T20:34:59Z,20,123387,7020,499
"Tito ""El Bambino"", √ëengo Flow, Dj Nelson - Flow Callejero (Official Video)","Tito ""El Bambino""",2025-11-12T00:00:07Z,10,674859,14419,1842
"""The Super Mario Galaxy Movie"" Official Trailer REACTION!!",Dwayne N Jazz,2025-11-12T16:05:39Z,24,29744,2458,196
I Got My OWN LUCKY BLOCK in Steal a Brainrot..,CaylusBlox,2025-11-12T19:18:45Z,20,275764,7529,1701
Fine Chiki,JNR VIGI - Topic,2025-11-07T06:58:26Z,10,38807,1668,50
"GOOD LUCK, HAVE FUN, DON'T DIE Official Trailer (2026) Sam Rockwell",Movie Trailers Source,2025-11-12T14:18:13Z,1,101237,2715,231
Dispatch Episode 7 FULL Gameplay Walkthrough (FULL GAME) 4K No Commentary,GamersPrey,2025-11-12T17:48:09Z,20,156681,4458,315
Rutshelle Guillaume - Ou Mechan [Official Video],Rutshelle Guillaume,2025-11-12T17:00:07Z,10,150736,17042,3749
Avengers Doomsday Trailer News: WTF is Going on with this Movie?,ScreenCrush,2025-11-12T21:58:51Z,1,29672,1376,229
The Busiest Game In The Casino Is A Total Blast,Vegas Matt,2025-11-12T19:45:03Z,24,153152,9149,1364
Scorpions - Still Loving You (Lyrics),7clouds,2025-11-12T14:08:59Z,10,125057,997,97
The Super Mario Galaxy Movie ‚Äì Official Trailer | Group Reaction,The Normies,2025-11-12T17:06:20Z,24,27808,1352,92
"Hands-On With Steam Machine: Valve's Beautiful PC/Console - Specs, Impressions And More",Digital Foundry,2025-11-12T18:00:05Z,20,351571,18275,4742
When You're Gone,Sean Rii - Topic,2025-11-06T10:00:03Z,10,89206,3546,251
THE SUPER MARIO GALAXY MOVIE - Official Trailer (2026),JoBlo Animated Videos,2025-11-12T14:12:45Z,1,105812,3623,499
Trolling YouTuber With INFINITE LASERS BASE In Steal A Brainrot!!,KAYE,2025-11-12T18:41:12Z,20,162804,3480,856
"Toosii, YoungBoy Never Broke Again - Please Don't Go",Toosii2xVEVO,2025-11-11T20:00:06Z,10,300315,42243,1610
The Super Mario Galaxy Movie Trailer Hit Me Harder Than I Expected,Arlo,2025-11-12T21:10:09Z,20,23572,1684,296
I'm Disappointed In Parlo..,Gwamgo,2025-11-12T21:00:06Z,20,159777,12373,4102
BAK Jay - Trust Who (Official Music Video),B.A.K Jay,2025-11-12T01:00:07Z,10,200620,4229,290
Super Mario Galaxy Movie TWO NEW Characters Cast Announced | Nintendo Direct Official Trailer,Black Nerd Comedy,2025-11-12T14:47:34Z,24,29042,2235,238
NOOB to GALAXY in Roblox Tree Cutter,SSundee,2025-11-12T22:00:10Z,20,107032,5993,340
Robyn - Dopamine (Official Music Video),Robyn,2025-11-12T18:31:13Z,10,92472,12349,1091
Oh... The Mario Galaxy Movie Trailer Looks...,DazzReviews,2025-11-12T17:26:42Z,1,33819,2049,310
TIMTHETATMAN MARVEL RIVALS SEASON 5 EARLY ACCESS (GAMBIT GAMEPLAY),TimTheTatman,2025-11-13T00:27:45Z,20,109971,1961,9
Romeo Santos - Eres M√≠a (Letra),SabroS√≥n,2025-11-08T21:00:06Z,10,275914,397,3
Honest Trailers | The Running Man (1987),Screen Junkies,2025-11-11T18:00:52Z,1,253844,13391,967
Dispatch Episode 8 - All Endings & Romance (Invisigal vs Blonde Blazer),MELOO,2025-11-12T20:21:23Z,20,247529,6828,728
Shakira - Antolog√≠a (LIVE) Pies Descalzos 30th | Spotify Anniversary,Shakira,2025-11-12T14:00:45Z,26,192189,8503,607
Mowgli Teaser | Roshan Kanakala | Sandeep Raj | Bandi Saroj Kumar | Sakkshi | TG Vishwa Prasad | PMF,People Media Factory,2025-11-12T11:11:37Z,24,552380,27523,883
Dispatch - Episode 7 and 8 Gameplay Walkthrough (4K 60FPS) Full Game,Dan Allen Gaming,2025-11-12T19:33:29Z,20,269845,4075,191
HAVEN. - I RUN (Lyrics),Unique Vibes,2025-11-06T16:04:04Z,10,207672,6037,105
Super Mario Galaxy Movie Direct - RogersBase Reacts,RogersBase,2025-11-12T21:37:50Z,20,14367,1182,101
"Valve Steam Machine, Desktop SteamOS, Steam Frame VR, & Controller | ft. Engineering Discussion",Gamers Nexus,2025-11-12T18:00:44Z,20,231950,20820,2962
Chris Stapleton - White Horse (Official Music Video),ChrisStapletonVEVO,2025-11-12T14:00:07Z,10,60019,3876,255
Super Mario Galaxy Movie trailer BACKLASH! Hollywood woke lunatic DRAGGED over insane take!,YellowFlash 2,2025-11-12T19:35:22Z,24,27945,2046,983
"State of Play Japan | November 11, 2025 [English Subtitles]",PlayStation,2025-11-11T22:50:28Z,20,1108503,30971,1455
Chuckyy - F Talkin (Official Music Video),Chuckyy ,2025-11-12T22:00:07Z,22,30038,4117,203
BOWSER JR!!! Super Mario Galaxy Movie Trailer REACTION!!,Just Jesss,2025-11-12T16:46:48Z,20,26538,1830,191
üíúI Built A KPop Demon Hunters House In Minecraft!,Katherine Elizabeth,2025-11-09T17:57:10Z,20,87473,1983,313
Kid Cudi - Maui Wowie (Lyrics) | going back to honolulu to get that maui wowie (432Hz),432Hz VIBEz,2025-11-11T16:30:11Z,10,441062,837,13
"Super Mario Galaxy Trailer Hits, Brolin Hints Return As Thanos - The John Campea Show",John Campea,2025-11-12T20:45:18Z,24,18640,802,42
Colourful Starter Base! | Hermitcraft Season 11 | Ep.2,SmallishBeans,2025-11-12T16:01:07Z,20,209713,33922,2548
Vanessa DeÃÅsireÃÅ  -  SANS INIK feat WENDYYY  [Lyrics Video],Vanessa D√©sir√©,2025-11-12T03:48:39Z,10,166043,13682,5219
The Super Mario Galaxy Movie  | Official Trailer REACTION!!,Blind Wave,2025-11-12T22:23:09Z,24,11768,1172,69
FLYING FREDBEAR GOT EVEN SCARIER..,Aimin,2025-11-11T20:13:39Z,20,810310,27627,4623
Ya Fue,Herencia De Grandes - Topic,2025-11-07T05:00:24Z,10,261803,4341,0
The Super Mario Galaxy Movie FIRST LOOK Revealed!,Vailskibum,2025-11-12T19:00:52Z,24,41728,2909,545
catching steal a brainrot scammers,steak,2025-11-12T23:13:11Z,20,178041,8702,173
This Cover Song Will Give You Absolute GOOSEBUMPS All Over ü•π (HER voice is STUNNING) üíô,Fearless Soul,2025-11-11T21:17:02Z,10,219520,1019,38
Sonic CrossWorlds: Trevor Mod Trailer (+ DOWNLOAD),Saltydkdan,2025-11-12T17:00:36Z,20,25150,4915,378
Deadcam,CaseOh,2025-11-11T23:00:21Z,20,457463,17076,965
‚Äã@CallejeroFino + @Lautygram  + LA PRE$ION Âç± Vol ‚Ä¢ 3,Callejero Fino,2025-11-11T22:23:06Z,10,255881,3635,360
Michael REACTS to New Toy Story 5 Trailer,Michael Knowles,2025-11-12T21:42:00Z,24,18662,1401,196
I built 3 MORE deranged Ai and forced them to play D&D,DougDoug: Published Author,2025-11-12T20:00:04Z,20,124875,10672,953
Dayglow - Can I Call You Tonight? (Lyrics),7clouds Rock,2025-11-11T15:18:55Z,22,736018,1285,41
X-MEN ARE BACK...kinda...MAX REACTS: TOKON BETA 2 Trailer,Maximilian Dood,2025-11-12T00:32:22Z,20,136645,4806,679
Dispatch - Episode 7 Full Game Playthrough ( Invisigal Route ),Faz Faz,2025-11-12T17:49:24Z,20,103057,2794,172
Ryan Castro - OJALA (Live) [SEND√â World Tour],Ryan Castro,2025-11-12T18:06:15Z,10,81199,702,298
The New Steam Hardware is AMAZING!!,Dave2D,2025-11-12T18:18:47Z,28,274737,19452,2035
Choke On It,Unbound Music - Topic,2025-11-05T13:18:25Z,10,32566,1432,0
Our New Team is Actually JUICED! Wheel of MUT! Ep. #19,MMG,2025-11-13T00:06:59Z,17,52841,4140,371
ROA - 11:11 (Official Video),ROAVEVO,2025-11-12T00:00:23Z,10,418938,44346,1670
Steam Machine Hands-On: First Impressions of Valve‚Äôs New Console-Like Gaming PC,IGN,2025-11-12T18:01:09Z,28,168655,6896,1489
FBG Murda - Nightmares (Official Video),FBG Murda,2025-11-11T20:00:37Z,20,104876,2555,162
I Tested Every YouTuber Ritual in Steal A Brainrot,Doodle and Arkey,2025-11-12T20:30:19Z,20,137238,3339,476
Jos√© Jos√© - Volc√°n (Letra/Lyrics),FireFly,2025-11-11T17:03:56Z,10,300892,376,6
Whatever I DRAW Comes To LIFE In Roblox..,Foltyn,2025-11-12T15:00:48Z,20,271173,6707,1946
Creedence Clearwater Revival - Fortunate Son (Fan Celebration Version),Creedence Clearwater Revival,2025-11-11T17:01:10Z,10,167171,1298,62
PATCH NOTES ARE HERE! NEW HERO GAMBIT SHOWCASE TODAY,Flats,2025-11-13T00:29:37Z,20,120078,2672,19
Lil Noonie - Choppa Season (Official Music Video),Lil Noonie ,2025-11-12T01:10:50Z,22,61042,5081,320
67 has gone too far..,Tyler & Snowi,2025-11-12T00:03:00Z,20,576907,14160,440
"El Alfa ""El Jefe"" x FARIANA - QUITA Y PONE | Video Oficial",ElAlfaElJefeTV,2025-11-11T21:59:06Z,10,1429933,10471,758
The North Line Update | ARC Raiders,ARC Raiders,2025-11-12T17:00:07Z,20,157030,9898,919
Belly,Wale - Topic,2025-11-11T16:00:38Z,10,43092,4325,242
Steal a Brainrot Admin Abuse (Taco Tuesday),KreekCraft,2025-11-12T00:40:15Z,20,3136897,33183,142
Goo Goo Dolls - Iris (Lyrics),ourmemoriestonight,2025-11-09T12:30:49Z,10,247195,484,9
JYNXZI VS SPEED (Clash Royale),Jynxzi,2025-11-11T20:16:29Z,20,558387,13589,802
TYKING x @BabyLocc83 - Mera Pija (Video Official),TYKING,2025-11-12T18:51:36Z,10,34518,7293,1124
I Adopted the MEOWL in Minecraft!,Cash,2025-11-12T15:00:51Z,24,173872,3209,597
MO3 - Cake Up (Official Video) (feat. Ralo),HSM,2025-11-11T19:01:20Z,10,81856,7525,588
Give Shroud Astral Pulse VS Gives Prototype ALL ENDINGS -All Choices- Dispatch Episode 8 4K,BabyZone,2025-11-12T19:57:32Z,20,76359,1705,210
her,JVKE - Topic,2025-11-10T16:13:37Z,10,170011,10464,228
Ex-Mr Beast member reacts to BEAST LAND,Flamingo,2025-11-12T03:46:47Z,20,481633,29642,2840
Mon Laferte - Veracruz (Letra),LowDrow,2025-11-11T17:00:06Z,10,439933,874,10
How Long Can a TRAIN Get?,UnspeakablePlays,2025-11-12T21:00:10Z,20,57327,1511,184
"The Chainsmokers, Halsey - Closer (Lyrics)",Glim R&B,2025-11-10T17:29:49Z,10,116219,349,12
The Scallywag Of Speranza | Vol. 1 | Arc Raiders,TheBurntPeanut,2025-11-12T19:11:50Z,20,63860,2966,176
cal scruby - FOR THE RECORD (official music video),Cal Scruby,2025-11-12T20:00:07Z,10,11463,2679,422
Trapping my FRIENDS in the FAKE FOREST 99!,Aphmau,2025-11-12T20:31:08Z,20,80128,3990,582
I Don't Care,Cain Walker - Topic,2025-11-08T21:39:49Z,10,104165,4994,48
I played YET ANOTHER 8 Souls-Like games you've never heard of,Iron Pineapple,2025-11-11T20:00:51Z,20,623788,32128,3148
Olivia Dean - So Easy (To Fall In Love) in the Live Lounge,BBCRadio1VEVO,2025-11-11T16:00:24Z,10,327532,5469,124
If Steal A Brainrots Had Kids,DoodleBlox,2025-11-13T00:00:33Z,22,33742,1305,192
Jessi (Ï†úÏãú) - 'Girls Like Me' MV,Jessi,2025-11-12T05:00:08Z,10,1137969,39728,2043
GET THE BOSS!! Lady Luck Won Her BIGGEST JACKPOT Ever at Hard Rock!,Lady Luck HQ,2025-11-12T21:30:14Z,24,56503,4173,1442
THF Gbaby-‚ÄúMan up Band up‚Äù [Official Video](Shot By: ‚Äã@tdwiththashot ),THF Gbaby,2025-11-11T20:30:02Z,22,40413,2284,250
Pokemon Online Battles Hacking Is Out Of Control!,Austin John Plays,2025-11-12T22:31:25Z,20,68171,6093,1385
Breaking Rust - Walk My Walk ( Official Lyric Video ),Breaking Rust,2025-11-03T17:36:58Z,10,159178,4233,332
All Steal A Brainrots Meet The First Player...,FuzzBlox,2025-11-12T18:00:02Z,20,113986,5651,357
LAJA - DESESPERANZA (Video Oficial) Shot.by ‚Ä™‚Ä™‚Ä™@checkthefootage  #spanishdrill ,LAJA,2025-11-11T19:00:07Z,24,154607,15610,1858
Marvel Rivals Season 5 Patch Notes Are HERE!!!,Flats Two,2025-11-12T20:11:13Z,20,40702,2890,509
Gizwop -  Keep Trollin (Official Video),Gizwop,2025-11-11T20:09:53Z,22,56032,1416,95
I Got Every YOUTUBER Ritual in Steal a Brainrot!,GaraBLOX,2025-11-12T10:01:24Z,22,166714,5709,449
Living Inside Of My CRUSH'S Base Until She Notices!,Johnny Minecraft,2025-11-12T22:00:34Z,20,36866,896,121
DISPATCH - Ending & Final Boss Fight (Final Episode),Shirrako,2025-11-12T19:16:31Z,20,115038,3004,341
I Made the WRONG Choice! - DISPATCH [Episode 1 & 2] ,special edd,2025-11-11T20:53:54Z,20,243383,12653,1176
Hands-On: Valve Steam Frame Virtual Reality Headset!,Adam Savage‚Äôs Tested,2025-11-12T17:57:19Z,28,97427,6194,1622
The Best Minecraft Video of 2025,Ludwin,2025-11-11T20:01:00Z,20,432568,20400,1010
Dispatch Episode 7 & 8 - All Choices + Secret Scenes (Invisigal vs Blonde Blazer),Ben-Gun,2025-11-12T22:51:04Z,20,13664,1302,126
I Found The FIRST PLAYER In Steal A Brainrot!,Dash Roblox,2025-11-12T17:01:44Z,20,130330,2024,316
2.0 genius cycle,Ken,2025-11-12T11:45:06Z,24,379482,27130,996
Playing As A HELPFUL PIBBLE in Minecraft‚Ä¶,Dash,2025-11-12T21:00:00Z,20,41516,980,205
Dispatch | Episodes 7 & 8 Full Walkthrough (SEASON FINALE),Sadot The Gamer,2025-11-12T22:41:47Z,20,91277,1150,3
Smashing Slot Bonuses on Wheel Wednesday!,Brettski,2025-11-12T21:00:26Z,20,42629,2443,382
One Lore Fact for Every Card in Clash Royale *JYNXZI REACTS*,Jynxzi Live,2025-11-12T23:43:00Z,20,43751,2142,146
How I Accidentally Won A Hitman Tournament,Atrioc,2025-11-12T21:29:22Z,22,65672,7907,338
Pirate Software: The Legacy of a Liar,Joon The King,2025-11-11T17:38:48Z,24,358460,12290,3133
"She Was JEALOUS of my RARE Skeleton Wolfs, So I Did This... (99 Nights in the Forest)",Skull Plays,2025-11-12T19:50:43Z,22,46317,1344,142
Omz & Lily on ONE HEART in Minecraft WITHOUT Crazy Fan Girl!,Omz,2025-11-12T21:47:18Z,20,40309,1044,246
Streamer CRASHES OUT over 0 donations..,Asmongold TV  ,2025-11-11T13:01:35Z,20,940170,29864,8508
Dispatch Episode 7 Full Walkthrough (Uncensored) Invisigal Route,Rubhen925,2025-11-12T19:35:38Z,20,34891,1072,51
"I Spent $20,000 On STEAL A BRAINROT ACCOUNTS!",TxnsBlox,2025-11-12T16:00:36Z,20,81445,779,124
We Hosted a ONE HOUSE ONLY Tournament!,PWR,2025-11-12T15:00:43Z,20,180198,5564,304
First Look at Every Hero Balance Change in Season 5 | HUGE Buff Patch Breakdown | Marvel Rivals,Cozy Rivals,2025-11-12T18:30:42Z,20,71387,3615,958
"Surviving 99 Nights In The Forest, But It's MODDED",Foltyn Top Videos,2025-11-12T17:00:04Z,20,44500,2132,103
How Fast Can I Lose All My Money at the Casino?,Bluff,2025-11-12T17:00:09Z,20,68401,2250,248
Madden 26 Fantasy Draft! Chargers Franchise Ep. #1,Meags,2025-11-12T02:09:52Z,20,189630,7280,258
I think I downloaded the wrong Supermarket Simulator,SMii7Y,2025-11-11T20:13:00Z,20,833281,46770,1149
3 STRANGE Japanese Horror Games,AstralSpiff,2025-11-12T13:01:05Z,20,98737,7224,330
Techy Vs 4 CRAZY FAN GIRLS In Cars Vs RUNNERS... (GTA 5),TechyCrew,2025-11-12T19:00:32Z,20,62507,1678,378
The Complete Guide To Avatar The Last Airbender Prerelease! Magic: The Gathering Deck Building,Tolarian Community College,2025-11-12T17:20:54Z,20,56526,3319,256
THEY PUT A FASTER VERSION OF FREDBEAR IN HELLO NEIGHBOR..,HeyyVance,2025-11-12T20:31:16Z,20,51537,2478,161
Arc Raiders is a problem,Legendary Drops,2025-11-12T15:00:07Z,20,111183,9072,1869
I Secretly Cheated in a Brainrot Lucky Block Race...,Here's Johnny,2025-11-12T23:10:00Z,20,23224,721,97
Bdubs Teaches Gem and Grian Redstone! Hermitcraft S11 Stream,GeminiTwo,2025-11-12T15:32:50Z,22,61161,4620,315
The Most Advanced Soviet Tank,Spookston,2025-11-12T17:30:26Z,20,133247,10406,1017
Our FIRST UPDATE Of Fortnite SIMPSONS!,Top5Gaming,2025-11-11T20:05:34Z,20,486144,9235,343
ARC Raiders NEW Patch Update & New DUO Matchmaking!,WiLLiSGaming,2025-11-12T13:44:46Z,20,133825,5637,1719
NEW *FIVE GUN* UPDATE in Fortnite!,TG Plays,2025-11-12T02:25:00Z,20,302714,5821,275
I Built the ULTIMATE BAKERY in 99 NIGHTS!,Aphmau Shuki,2025-11-12T21:43:29Z,20,29513,1274,149
I SECRETLY Lived In Toxic Players Base in 99 Nights in the Forest!,MICHAEL,2025-11-12T21:24:53Z,20,20276,742,165
HUNGRY SNAKE is following me... (Gmod Sandbox),SHOOTABIRDIE,2025-11-12T19:13:07Z,20,44700,1015,39
Z-TEAM ASSEMBLE! | Dispatch Episodes 7-8 (FINALE),YaBoyRoshi Gaming,2025-11-12T20:47:33Z,20,34730,1952,211
I Built a VENDING MACHINE in Steal a Brainrot!,Lia Roblox,2025-11-12T21:30:20Z,20,29685,1088,245
"MANSIONS TEASER MISSIONS, FREE CAR, FREE BUSINESS + MORE! GTA Online Weekly Update",TGG,2025-11-12T22:56:01Z,20,32258,3753,308
"Hello everyone, I'm Marketpricer! | TCG Card Shop Simulator [7]",GameGrumps,2025-11-12T18:00:52Z,20,48772,3679,326
THE BOYS GO ON A ROADTRIP!,The Boys Gaming,2025-11-11T17:00:07Z,20,299034,17562,866
Magnus Carlsen is absolutely horrifying.,GothamChess,2025-11-12T20:30:02Z,24,81575,4588,452
THERES NO WAY ITS ACTUALLY OVER | Amanda The Adventurer 3 (Full Game),Kubz Scouts,2025-11-11T07:55:41Z,20,397775,25839,1399
"The Worst ""Scary"" Games I Could Find",Chad Chad,2025-11-11T21:36:06Z,23,363382,36736,1452
Say Goodbye to Treasure Hunter,RuneScape,2025-11-12T17:00:18Z,20,56383,6268,1673
Sonic Racing: CrossWorlds - New Free Characters Update,Sonic the Hedgehog,2025-11-11T22:26:13Z,20,358421,33467,6229
"Rock, Paper, Scissors Builds My Team",YoBoy PIZZA,2025-11-11T22:32:06Z,17,154176,4741,676
Kpop Demon Hunters Visit WATER PARK In Roblox!!,KPop Friends,2025-11-12T23:00:40Z,20,19357,490,48
When Steal A Brainrots Meet Their Parents For The First Time...,Techy Plays,2025-11-12T21:15:02Z,20,27568,1015,229
THE SUPER MARIO GALAXY MOVIE - All Clips 4K,ProsafiaGaming,2025-11-12T14:42:29Z,20,110307,4049,412
What if I told you they're still making Jurassic World games?,zanny,2025-11-12T16:00:04Z,20,145185,15029,1055
Is Bethesda Taking TOO LONG With Elder Scrolls 6?,gameranx,2025-11-12T17:31:15Z,20,82153,4549,1954
DISPATCH Episode 7 & 8 Full Walkthrough | SPOILERS,Kakuchopurei,2025-11-12T22:23:45Z,20,24219,1732,169
Peak But Bing Bong Predicts The Future...,Bigpuffer,2025-11-12T20:30:01Z,20,39730,3318,62
LOCKED IN,IShowSpeed,2025-11-11T03:28:44Z,20,2353836,76870,2075
Need More ENERGY!,Maizen,2025-11-12T11:00:00Z,20,295434,2464,282
"Every Time I Crash, My Police Car Evolves in GTA 5",SpeirsTheAmazingHD,2025-11-12T20:40:59Z,20,26369,1012,78
FRIENDING EVERYONE ON ROBLOX! üî•,Brandon302,2025-11-13T00:48:40Z,20,129393,2183,24
BLAST R6 | Munich Major - Day 5,Rainbow Six Esports,2025-11-12T22:52:24Z,20,149016,2118,21
THE IGNITED FOXY MOD DESTROYED MY SANITY?!,ZarDie Zayne,2025-11-12T18:00:11Z,20,58900,3887,369
"UNBELIEVABLE - I Hit The MASSIVE JACKPOT Nobody Thought Was Possible!""",NG Slot,2025-11-12T19:30:02Z,24,39090,1958,124
The Return of Pam | Monster Factory,The McElroy Family,2025-11-12T15:00:14Z,20,45694,7342,1075
Techy Family Vs Emma Family In Fortnite Bed Wars...,Techy,2025-11-12T13:00:04Z,20,87752,1921,137
I'M MASSIVELY GIANT! *NEW STACK RECORD!*,Thebausffs,2025-11-12T15:00:54Z,20,227653,9755,283
I Found The OLDEST Brainrot In Steal A Brainrot!,KAYE MOVIES,2025-11-11T15:59:00Z,20,986426,8333,1138
I Secretly Added POPPY PLAYTIME to Minecraft,BeckBroJack,2025-11-12T20:30:04Z,20,27162,1325,173
"Why TRAPPER is the PERFECT 21,900 IQ role to expose impostors...",Disguised Toast,2025-11-12T02:41:47Z,20,213131,10478,301
